trait	h2_full_chr	se_full_chr	h2_single_loci	se_single_loci
Anorexia	0.320315	0.262996	0.423987	0.075313
Autism	-0.125845	0.147847	0.516738	0.066220
MDD	0.298180	0.203454	0.384906	0.071134
Schizophrenia	1.034683	0.201880	0.622058	0.065307
T1D	0.717909	0.220616	0.295242	0.067851
